aX,aY,aZ,gX,gY,gZ
-1.474,-0.449,3.220,-115.710,475.580,30.520
-1.407,-0.469,3.274,-96.600,393.120,21.000
-1.257,-0.505,3.376,-89.810,305.130,0.840
-1.158,-0.518,3.440,-72.590,256.060,-18.900
-1.003,-0.519,3.447,-66.430,158.970,-28.980
-0.866,-0.481,3.373,-68.460,67.830,-43.680
-0.800,-0.446,3.146,-46.760,23.800,-52.920
-0.764,-0.353,3.005,-23.520,-52.780,-58.030
-0.764,-0.240,2.709,-19.320,-114.660,-67.130
-0.726,-0.183,2.413,-11.480,-140.770,-69.930
-0.631,-0.081,2.273,-2.240,-184.240,-71.260
-0.566,0.006,2.024,4.620,-222.320,-65.170
-0.488,0.053,1.778,24.360,-235.550,-58.940
-0.435,0.104,1.682,28.700,-255.360,-47.880
-0.389,0.126,1.476,18.270,-259.490,-36.960
-0.244,0.128,1.269,24.220,-267.820,-32.410
-0.121,0.145,1.186,27.090,-266.840,-21.700
-0.089,0.160,1.015,29.260,-267.400,-9.240
-0.063,0.160,0.794,31.990,-254.170,-3.360
-0.006,0.146,0.809,25.200,-238.700,6.230
0.010,0.136,0.647,29.890,-228.760,15.120
0.016,0.119,0.595,30.030,-202.230,18.410
0.013,0.091,0.505,27.930,-172.550,24.360
0.020,0.070,0.428,31.920,-156.870,26.530
0.042,0.029,0.416,31.430,-127.120,29.260
0.041,-0.011,0.389,29.260,-96.040,28.980
0.048,-0.031,0.365,27.440,-80.360,28.070
0.044,-0.069,0.362,28.700,-49.910,23.590
0.025,-0.096,0.378,26.810,-34.230,16.030
0.005,-0.107,0.422,19.600,-4.480,12.040
0.012,-0.125,0.453,17.080,20.230,6.020
0.014,-0.148,0.550,12.950,31.010,1.050
-0.001,-0.158,0.732,3.850,49.630,-1.610
0.008,-0.181,0.707,0.980,64.050,-7.140
0.019,-0.190,0.825,-0.910,68.040,-11.830
0.041,-0.206,0.873,-0.210,72.520,-14.560
0.049,-0.226,0.962,1.050,73.710,-22.050
0.042,-0.230,1.055,0.000,73.010,-27.230
0.017,-0.218,1.082,-3.640,71.540,-38.500
0.024,-0.202,1.151,-6.510,68.600,-52.850
-0.013,-0.172,1.186,-16.310,64.540,-59.220
0.010,-0.115,1.212,-19.460,58.100,-71.330
0.072,-0.058,1.269,-22.610,51.450,-80.850
0.168,-0.023,1.278,-23.660,35.210,-84.700
0.174,0.063,1.270,-26.250,19.600,-89.880
0.170,0.236,1.217,-22.890,12.390,-92.120
0.142,0.206,1.189,-23.870,2.450,-91.630
0.100,0.300,1.124,-23.310,-3.640,-86.940
0.087,0.341,1.078,-22.960,-5.390,-81.970
0.115,0.407,1.058,-18.340,-9.940,-67.270
0.125,0.447,1.029,-16.310,-11.690,-47.950
0.110,0.452,1.003,-12.390,-14.000,-38.010
0.113,0.458,0.992,-5.390,-14.980,-15.680
0.109,0.425,0.973,0.910,-15.120,6.720
0.080,0.388,0.994,12.670,-14.910,15.890
0.040,0.279,1.008,14.350,-13.930,29.820
0.011,0.170,1.036,14.490,-12.670,41.230
-0.012,0.108,1.046,21.560,-11.760,45.990
0.000,-0.019,1.104,22.820,-14.070,49.700
0.009,-0.079,1.144,22.540,-15.470,46.550
0.023,-0.179,1.153,24.010,-19.880,42.840
0.039,-0.247,1.172,22.260,-23.870,31.430
0.052,-0.269,1.163,18.830,-25.900,24.990
0.061,-0.296,1.161,18.410,-29.750,11.620
0.075,-0.304,1.161,17.850,-32.760,-3.150
0.120,-0.295,1.120,9.870,-37.800,-10.500
0.143,-0.245,1.084,6.650,-38.570,-23.450
0.133,-0.151,1.000,-5.320,-36.960,-33.390
0.119,-0.100,0.931,-12.810,-31.360,-35.980
0.143,-0.002,0.901,-12.880,-25.340,-36.050
0.169,0.066,0.887,-3.850,-23.240,-31.570
0.149,0.097,0.887,-3.710,-18.480,-28.770
0.098,0.144,0.859,-3.780,-8.610,-22.470
0.086,0.164,0.867,-5.390,-3.360,-14.350
0.085,0.193,0.883,-7.350,5.880,-9.380
0.085,0.193,0.932,-6.300,12.740,1.540
0.094,0.175,1.009,-5.880,14.070,6.370
0.117,0.113,1.046,-0.560,13.930,15.610
0.104,0.037,1.118,4.270,11.970,20.440
0.051,0.001,1.173,2.590,9.730,21.490
-0.007,-0.059,1.184,3.290,6.580,20.790
-0.022,-0.080,1.220,2.590,4.620,21.280
-0.022,-0.120,1.229,9.590,-1.260,21.910
-0.020,-0.163,1.254,15.960,-9.800,22.750
0.011,-0.197,1.302,19.390,-15.540,2.800
0.041,-0.246,1.292,22.050,-26.600,13.650
0.036,-0.265,1.286,19.600,-31.220,3.570
0.018,-0.265,1.239,13.650,-38.290,-1.820
0.041,-0.244,1.213,14.910,-45.360,-12.460
0.073,-0.189,1.171,10.150,-47.110,-22.050
0.162,-0.159,1.101,11.690,-54.250,-26.110
0.203,-0.081,1.069,9.800,-59.150,-32.830
0.199,0.001,0.979,6.020,-60.200,-38.290
0.191,0.042,0.940,1.190,-58.310,-40.460
0.180,0.128,0.875,-3.570,-52.710,-40.880
0.169,0.166,0.814,-5.530,-49.140,-37.030
0.147,0.229,0.802,-13.720,-38.150,-34.160
0.142,0.273,0.774,-14.210,-27.440,-25.970
0.128,0.288,0.796,-15.190,-22.610,-3.570
0.090,0.304,0.802,-23.800,-10.780,-11.900
0.092,0.291,0.825,-21.980,-6.370,-2.380
0.114,0.281,0.893,-35.560,2.240,2.800
0.087,0.228,0.903,-30.590,5.950,13.300
0.086,0.143,1.025,-21.770,7.420,19.040
0.061,0.103,1.067,-23.590,8.330,20.860
-0.009,0.030,1.126,-16.660,7.840,21.000
-0.053,0.006,1.207,-17.430,8.540,18.760
-0.023,-0.066,1.263,-21.420,3.360,13.650
-0.215,-0.082,1.308,-22.960,1.330,7.910
-0.179,-0.102,1.386,-18.550,-2.870,1.470
-0.250,-0.104,1.422,-31.010,-5.040,-10.920
-0.301,-0.092,1.488,-37.590,-6.020,-26.670
-0.346,-0.079,1.566,-53.480,-10.710,-34.370
-0.352,-0.026,1.629,-94.430,-20.300,-46.900
-0.362,-0.023,1.702,-126.420,-23.450,-64.120
-0.378,0.011,1.749,-82.880,-40.250,-66.780
-0.386,0.100,1.771,-74.060,-64.050,-70.910
-0.386,0.164,1.848,-86.730,-74.830,-73.080
-0.371,0.199,1.870,-98.420,-99.680,-73.080

-3.485,1.744,-0.245,-540.050,1071.490,-960.680
-3.470,1.868,-0.333,-616.770,1129.800,-859.810
-3.484,2.029,-0.134,-610.540,1200.710,-800.170
-3.534,2.150,0.329,-667.800,1273.790,-662.760
-3.460,2.179,0.442,-866.600,1323.630,-499.380
-3.369,2.096,0.471,-950.460,1410.710,-417.830
-3.333,1.912,0.704,-964.460,1453.830,-253.820
-3.276,1.812,0.881,-945.420,1463.210,-101.150
-3.285,1.590,0.935,-843.990,1466.920,-17.150
-3.346,1.343,1.210,-788.200,1444.450,122.780
-3.459,1.204,1.589,-716.590,1427.720,184.660
-3.527,0.887,1.759,-700.490,1386.560,292.460
-3.545,0.524,1.979,-676.480,1342.180,377.510
-3.572,0.334,2.264,-599.620,1289.470,409.570
-3.597,-0.054,2.418,-536.760,1213.450,454.090
-3.576,-0.431,2.760,-513.240,1118.600,483.840
-3.325,-0.629,3.095,-450.240,1071.840,493.710
-2.830,-1.069,3.260,-333.970,933.940,496.230
-2.595,-1.507,3.614,-275.590,856.870,464.310
-2.302,-1.688,3.855,-211.680,702.240,439.040
-2.177,-1.974,3.894,-146.090,557.550,379.610
-2.062,-2.215,3.986,-120.890,485.660,307.510
-1.775,-2.312,4.042,-64.750,337.400,266.210
-1.655,-2.403,4.016,-45.640,192.710,181.230
-1.649,-2.378,3.817,-9.730,127.260,97.860
-1.675,-2.312,3.550,20.440,10.150,58.450
-1.659,-2.060,3.352,23.590,-90.510,-12.670
-1.626,-1.781,2.968,18.830,-134.540,-69.160
-1.520,-1.609,2.774,23.380,-214.970,-93.520
-1.460,-1.338,2.404,26.670,-280.980,-134.120
-1.451,-1.211,2.049,34.370,-307.860,-163.800
-1.341,-0.973,1.880,44.170,-346.710,-175.000
-1.120,-0.788,1.606,49.560,-374.290,-193.270
-0.960,-0.710,1.429,23.660,-386.680,-221.900
-0.915,-0.576,1.251,25.130,-405.720,-225.610
-0.910,-0.358,0.945,39.340,-410.480,-230.370
-0.878,-0.284,0.743,51.100,-406.280,-232.330
-0.776,-0.183,0.654,40.950,-388.990,-240.800
-0.747,-0.059,0.493,34.650,-379.540,-245.560
-0.707,0.005,0.279,26.740,-356.510,-244.510
-0.585,0.083,0.096,94.150,-313.880,-241.850
-0.580,0.189,0.292,73.360,-302.610,-238.560
-0.422,0.193,0.106,44.030,-274.190,-241.080
-0.316,0.280,0.070,48.020,-241.990,-239.610
-0.301,0.398,0.037,34.930,-224.700,-231.490
-0.383,0.452,-0.011,12.950,-184.100,-225.890
-0.437,0.566,-0.106,1.400,-129.570,-207.130
-0.406,0.619,-0.179,-12.250,-99.190,-174.370
-0.296,0.712,-0.174,-5.880,-46.760,-153.090
-0.242,0.750,-0.126,-1.610,-3.710,-110.740
-0.235,0.749,-0.087,7.910,18.060,-54.460
-0.236,0.737,-0.046,4.480,61.880,-52.500
-0.234,0.680,0.072,-2.450,100.520,-22.750
-0.260,0.645,0.185,-11.130,122.290,-9.800
-0.302,0.565,0.253,-8.680,157.850,15.750
-0.322,0.478,0.405,-6.020,172.480,39.830
-0.376,0.432,0.546,-0.630,196.980,50.540
-0.397,0.329,0.619,-4.760,221.130,68.180
-0.417,0.238,0.750,-12.880,231.070,84.630
-0.414,0.195,0.822,-9.940,242.270,93.730
-0.361,0.090,0.978,-5.250,240.590,110.320
-0.315,0.020,1.135,4.480,236.950,115.570
-0.200,-0.129,1.211,2.240,226.520,113.680
-0.023,-0.254,1.347,-0.140,209.650,103.320
-0.075,-0.298,1.453,-3.780,199.570,78.400
-0.027,-0.370,1.498,-8.610,178.150,80.360
-0.018,-0.413,1.577,-12.180,148.750,63.770
-0.025,-0.420,1.623,-16.870,142.800,56.350
-0.031,-0.427,1.643,-22.960,120.540,42.420
-0.029,-0.423,1.684,-28.210,109.620,32.340
-0.006,-0.417,1.703,-32.200,83.720,29.610
0.000,-0.400,1.706,-30.940,54.390,27.930
-0.009,-0.377,1.691,-25.690,39.760,34.230
-0.047,-0.364,1.672,-7.000,9.310,40.460
-0.061,-0.394,1.631,3.780,-16.870,49.630
-0.065,-0.418,1.597,8.260,-27.370,55.790
-0.089,-0.456,1.563,13.580,-46.760,59.850
-0.113,-0.496,1.496,18.690,-63.770,67.760
-0.117,-0.533,1.441,20.230,-70.560,69.160
-0.144,-0.594,1.405,15.540,-79.380,68.740
-0.163,-0.642,1.343,13.510,-86.240,66.290
-0.146,-0.673,1.301,8.610,-90.230,63.560
-0.065,-0.734,1.274,13.230,-101.710,55.790
-0.040,-0.775,1.212,16.310,-106.890,43.330
-0.040,-0.788,1.137,15.190,-112.840,35.000
-0.003,-0.813,1.098,14.210,-114.100,14.770
0.055,-0.812,1.036,12.810,-114.940,-8.750
0.177,-0.794,0.881,10.990,-118.300,-20.790
0.221,-0.715,0.924,8.260,-118.720,-42.560
0.236,-0.542,0.834,3.570,-117.460,-62.020
0.248,-0.557,0.793,-1.750,-112.210,-70.420
0.209,-0.419,0.697,-1.400,-102.200,-80.710
0.189,-0.359,0.626,4.900,-95.480,-84.000
0.127,-0.252,0.609,-1.190,-78.470,-89.880
0.094,-0.148,0.563,-5.810,-67.410,-88.900
0.097,-0.102,0.549,-9.800,-46.970,-85.330
0.099,-0.020,0.549,-8.750,-31.850,-73.010
0.081,0.046,0.537,-4.060,-24.850,-53.900
0.029,0.068,0.526,4.410,-8.610,-43.120
0.019,0.068,0.538,5.810,10.570,-24.290
0.015,0.061,0.577,3.080,19.600,-7.910
-0.013,0.032,0.598,0.630,36.960,-1.190
-0.032,-0.045,0.672,-1.680,53.060,8.540
-0.091,-0.085,0.751,-2.660,60.480,12.180
-0.143,-0.164,0.797,-3.990,72.730,15.960
-0.171,-0.226,0.883,-2.800,76.930,18.830
-0.196,-0.257,0.978,3.150,80.150,19.320
-0.160,-0.328,1.030,4.410,76.580,16.520
-0.158,-0.380,1.095,5.320,73.080,9.450
-0.166,-0.401,1.240,6.790,67.270,3.780
-0.167,-0.435,1.165,4.200,62.440,-11.760
-0.171,-0.437,1.200,-2.870,59.990,-28.700
-0.196,-0.409,1.215,-7.210,53.690,-36.400
-0.227,-0.349,1.234,-8.470,47.950,-50.540
-0.238,-0.315,1.248,-11.410,45.220,-57.190
-0.271,-0.230,1.247,-12.670,40.460,-67.340
-0.289,-0.142,1.244,-11.970,36.190,-73.780
-0.315,-0.102,1.254,-11.620,33.950,-75.180
-0.322,-0.018,1.261,-8.190,27.020,-72.730

-2.480,-1.965,-0.579,-95.060,281.120,-469.770
-2.466,-2.022,-0.605,-83.510,280.630,-501.340
-2.623,-2.034,-0.717,-60.830,281.470,-569.590
-2.543,-2.016,-0.777,-40.110,287.000,-641.550
-2.559,-1.919,-0.782,-41.930,298.200,-679.630
-2.566,-1.721,-0.784,-41.860,291.550,-752.990
-2.481,-1.598,-0.830,-4.690,285.530,-789.180
-2.313,-1.360,-0.825,-16.940,287.560,-863.310
-2.313,-1.078,-0.847,-37.240,312.970,-934.360
-2.340,-0.911,-0.881,-79.520,314.720,-964.600
-2.263,-0.607,-0.903,-90.090,327.390,-1018.850
-2.274,-0.317,-0.852,-103.110,325.850,-1076.670
-2.420,-0.143,-0.937,-141.750,338.100,-1098.440
-2.400,0.196,-0.980,-163.100,371.070,-1132.950
-2.386,0.535,-1.047,-197.470,391.790,-1152.340
-2.430,0.714,-1.055,-235.130,449.470,-1153.460
-2.478,1.059,-1.041,-269.850,534.730,-1139.110
-2.504,1.342,-1.005,-320.950,580.790,-1108.170
-2.562,1.478,-0.827,-328.090,664.020,-1085.700
-2.553,1.717,-0.746,-330.890,733.250,-1025.640
-2.503,1.878,-0.562,-352.170,767.410,-954.170
-2.434,1.926,-0.485,-364.770,832.930,-916.720
-2.352,2.033,-0.319,-368.900,899.920,-830.620
-2.302,2.063,-0.084,-377.090,929.320,-740.530
-2.163,2.051,0.038,-387.240,979.860,-697.200
-2.004,2.007,0.254,-389.550,1023.050,-612.360
-1.980,1.990,0.723,-411.740,1041.600,-517.090
-2.077,2.067,1.073,-751.520,1102.080,-454.370
-1.924,1.672,0.627,-735.000,1140.790,-388.430
-1.894,1.662,1.156,-608.370,1140.720,-299.880
-1.823,1.648,1.327,-586.810,1113.210,-251.090
-1.822,1.531,1.372,-544.600,1107.470,-159.950
-1.776,1.447,1.856,-644.700,1101.380,-84.000
-1.683,1.186,1.920,-714.140,1067.500,-50.190
-1.617,1.002,2.115,-741.230,1012.410,27.440
-1.350,0.867,2.161,-725.970,976.360,64.050
-1.071,0.578,2.211,-628.530,881.720,125.510
-0.939,0.258,2.366,-593.530,780.010,157.640
-0.804,0.117,2.327,-504.140,742.070,166.530
-0.791,-0.083,2.307,-337.610,646.380,178.430
-0.799,-0.227,2.382,-260.540,598.920,179.480
-0.795,-0.315,2.551,-162.190,513.800,169.610
-0.709,-0.487,2.628,-153.930,441.210,132.860
-0.646,-0.577,2.656,-172.760,405.370,96.040
-0.534,-0.579,2.607,-152.180,330.680,83.510
-0.467,-0.587,2.521,-131.530,256.690,61.460
-0.432,-0.609,2.451,-96.460,220.570,35.210
-0.398,-0.602,2.380,-79.730,158.200,21.910
-0.424,-0.521,2.185,-76.090,107.660,-0.700
-0.429,-0.473,1.984,-69.650,85.190,-21.700
-0.392,-0.375,1.888,-67.270,47.180,-31.220
-0.371,-0.250,1.703,-63.210,12.950,-43.190
-0.377,-0.188,1.528,-43.750,-2.940,-47.110
-0.386,-0.091,1.456,-35.210,-26.180,-54.600
-0.382,0.002,1.306,-33.880,-52.360,-59.220
-0.414,0.048,1.164,-27.020,-47.670,-59.850
-0.423,0.129,1.098,-24.570,-53.410,-58.030
-0.411,0.183,0.989,-23.310,-54.810,-52.990
-0.372,0.208,0.887,-18.200,-57.330,-49.140
-0.380,0.247,0.837,-15.750,-54.600,-41.020
-0.403,0.265,0.718,-14.140,-48.650,-35.980
-0.418,0.267,0.677,-17.570,-29.120,-35.140
-0.419,0.279,0.620,-20.300,-7.490,-33.250
-0.409,0.291,0.581,-19.110,3.640,-29.470
-0.389,0.306,0.580,-23.450,25.340,-28.210
-0.380,0.322,0.581,-28.280,46.130,-24.780
-0.381,0.332,0.574,-34.160,56.490,-18.620
-0.392,0.342,0.581,-41.720,77.840,-15.470
-0.389,0.345,0.608,-46.130,98.490,-7.840
-0.369,0.345,0.670,-51.660,107.030,-3.640
-0.378,0.326,0.711,-53.970,121.380,5.320
-0.393,0.287,0.804,-55.370,127.540,14.210
-0.407,0.263,0.886,-52.500,135.730,18.690
-0.460,0.224,0.921,-47.390,142.310,28.000
-0.480,0.168,1.024,-46.620,146.370,34.370
-0.461,0.141,1.111,-51.170,149.940,38.150
-0.457,0.101,1.140,-45.150,145.180,48.230
-0.453,0.040,1.226,-31.920,142.030,55.020
-0.435,-0.000,1.268,-33.390,135.170,56.350
-0.427,-0.067,1.332,-35.350,126.840,56.910
-0.416,-0.224,1.373,-35.420,121.940,56.700
-0.399,-0.150,1.394,-24.500,108.920,55.930
-0.361,-0.210,1.461,-21.840,95.830,49.560
-0.325,-0.241,1.529,-26.880,88.550,38.850
-0.203,-0.291,1.554,-26.810,67.970,32.620
-0.149,-0.316,1.585,-24.220,42.350,19.250
-0.117,-0.310,1.575,-20.020,31.010,13.440
-0.082,-0.291,1.569,-20.440,9.380,2.380
-0.055,-0.240,1.519,-19.950,-1.540,-4.270
-0.039,-0.200,1.423,-14.630,-18.410,-5.950
-0.020,-0.127,1.383,-14.840,-30.170,-7.630
-0.002,-0.065,1.297,-13.440,-34.370,-6.300
0.062,-0.042,1.269,-14.070,-42.350,-5.250
0.101,0.006,1.207,-15.050,-48.650,-1.540
0.102,0.032,1.138,-16.520,-49.980,6.580
0.111,0.064,1.105,-14.910,-52.360,11.130
0.110,0.072,1.047,-15.470,-51.590,20.650
0.090,0.073,0.980,-18.410,-49.770,26.320
0.045,0.065,0.944,-13.860,-43.120,38.850
0.031,0.022,0.905,-11.830,-21.140,50.890
-0.004,-0.007,0.889,-4.270,-30.520,56.700
-0.029,-0.082,0.902,-0.840,-22.330,66.290
-0.038,-0.173,0.952,-4.200,-18.480,72.660
-0.059,-0.213,0.968,-6.230,-13.440,75.810
-0.081,-0.297,0.999,-1.610,-12.250,80.500
-0.088,-0.469,1.048,2.170,-10.990,77.980
-0.105,-0.432,1.070,-3.220,-7.910,75.390
-0.106,-0.502,1.097,-3.150,-6.860,67.200
-0.102,-0.537,1.137,-1.540,-7.420,61.740
-0.080,-0.592,1.150,0.700,-10.570,47.600
-0.062,-0.649,1.167,4.060,-12.810,28.770
-0.007,-0.673,1.195,6.860,-19.180,17.360
0.051,-0.701,1.197,6.790,-26.950,-8.960
0.076,-0.684,1.183,7.280,-30.940,-36.190
0.108,-0.647,1.164,1.260,-36.960,-48.370
0.146,-0.539,1.101,-3.780,-39.340,-70.350
0.181,-0.476,1.033,-9.240,-41.020,-88.970
0.209,-0.343,0.996,-12.600,-41.090,-96.670
0.202,-0.206,0.937,-14.910,-39.200,-107.660

-2.811,-2.148,-0.241,-27.440,34.930,-685.020
-2.889,-2.082,-0.335,-18.900,12.810,-727.230
-2.942,-1.894,-0.481,-26.460,-4.060,-805.000
-3.059,-1.774,-0.645,-58.800,-12.250,-843.850
-3.091,-1.542,-0.764,-91.910,-16.240,-923.860
-3.066,-1.281,-0.980,-113.680,-8.750,-1007.650
-3.038,-1.124,-1.166,-164.500,20.370,-1047.830
-3.056,-0.755,-1.250,-203.000,64.820,-1122.730
-3.071,-0.354,-1.368,-227.220,90.510,-1187.060
-3.132,-0.142,-1.491,-257.320,157.360,-1212.960
-3.218,0.289,-1.499,-273.490,241.150,-1249.500
-3.258,0.718,-1.444,-327.390,287.280,-1258.460
-3.286,0.905,-1.416,-384.020,386.540,-1255.870
-3.270,1.229,-1.371,-406.070,491.960,-1239.770
-3.275,1.543,-1.197,-464.660,544.390,-1205.330
-3.245,1.691,-1.009,-519.890,650.370,-1177.960
-3.144,1.956,-0.983,-539.350,751.870,-1103.200
-3.091,2.144,-0.750,-586.950,800.590,-1011.080
-2.959,2.210,-0.637,-642.250,894.040,-958.510
-2.802,2.297,-0.391,-665.560,974.260,-842.940
-2.725,2.302,-0.129,-707.840,1008.560,-725.340
-2.613,2.258,-0.004,-734.650,1064.770,-668.290
-2.505,2.165,0.243,-741.510,1103.690,-557.410
-2.435,2.115,0.651,-792.610,1114.750,-445.830
-2.376,2.030,0.867,-996.310,1131.620,-388.010
-2.718,1.965,1.009,-1131.060,1175.580,-258.650
-2.660,1.807,0.763,-1281.910,1201.340,-139.510
-2.496,1.574,0.730,-1252.930,1235.570,-75.460
-2.288,1.347,0.891,-1215.550,1222.620,51.450
-2.264,1.199,0.979,-1093.050,1206.730,162.190
-2.121,0.909,1.003,-933.520,1178.310,213.640
-2.063,0.662,1.148,-855.050,1150.310,317.240
-1.888,0.509,1.348,-680.470,1126.650,362.530
-1.850,0.160,1.447,-445.200,1057.420,428.680
-1.976,-0.192,1.850,-337.820,957.250,444.430
-2.309,-0.350,2.284,-264.670,916.300,437.710
-2.395,-0.634,2.377,-304.290,853.720,414.540
-2.311,-0.935,2.483,-314.300,821.450,383.670
-2.009,-1.085,2.615,-281.190,737.450,364.350
-1.746,-1.333,2.677,-213.150,634.200,321.020
-1.678,-1.531,2.759,-181.790,583.940,264.390
-1.669,-1.611,2.831,-156.380,497.350,230.510
-1.659,-1.731,2.836,-157.150,420.000,156.940
-1.625,-1.784,2.789,-143.850,381.570,82.390
-1.578,-1.782,2.644,-120.400,307.510,45.220
-1.574,-1.700,2.707,-112.630,240.800,-23.870
-1.568,-1.508,2.595,-97.650,208.810,-78.470
-1.497,-1.390,2.518,-81.060,148.680,-101.150
-1.362,-1.167,2.362,-74.480,90.580,-140.420
-1.308,-1.048,2.161,-51.380,64.260,-167.090
-1.233,-0.827,2.085,-25.760,12.460,-178.290
-1.168,-0.641,1.927,-18.690,-26.950,-198.170
-1.121,-0.555,1.783,-11.970,-45.500,-212.660
-1.011,-0.388,1.707,-5.390,-77.350,-216.860
-0.957,-0.244,1.560,-1.330,-105.770,-223.230
-0.881,-0.172,1.402,11.340,-117.390,-224.350
-0.827,-0.050,1.334,17.780,-133.350,-225.330
-0.801,0.061,1.202,17.360,-137.760,-224.350
-0.715,0.117,1.093,17.080,-142.100,-221.620
-0.619,0.211,1.038,16.870,-144.550,-214.480
-0.581,0.292,0.931,14.980,-143.360,-205.730
-0.508,0.328,0.838,8.820,-134.680,-200.760
-0.433,0.414,0.798,7.350,-124.320,-185.430
-0.380,0.475,0.736,7.210,-118.580,-167.440
-0.305,0.503,0.711,-3.920,-103.740,-158.130
-0.280,0.564,0.644,-10.710,-82.110,-135.870
-0.254,0.592,0.593,-15.540,-71.330,-105.630
-0.170,0.630,0.583,-11.060,-52.360,-89.670
-0.087,0.629,0.584,-11.900,-33.740,-58.590
-0.062,0.628,0.576,-18.620,-24.920,-25.200
-0.032,0.617,0.563,-8.820,-8.190,-7.700
-0.021,0.565,0.573,-3.360,0.630,23.380
-0.004,0.520,0.634,-1.120,18.480,36.610
0.016,0.397,0.677,-2.240,31.850,59.360
0.015,0.277,0.751,0.420,36.610,79.520
-0.014,0.219,0.825,3.570,44.800,87.430
-0.036,0.100,0.858,0.490,53.550,97.720
-0.041,-0.001,0.907,-3.430,56.910,103.320
-0.057,-0.047,0.933,-1.750,61.740,104.370
-0.073,-0.128,1.001,-4.690,64.890,103.810
-0.067,-0.166,1.056,-10.710,65.870,100.030
-0.049,-0.235,1.079,-10.990,63.560,97.860
-0.046,-0.281,1.121,-7.770,57.400,95.620
-0.032,-0.311,1.165,-2.030,53.900,93.870
-0.033,-0.365,1.180,-4.620,47.880,88.200
-0.037,-0.408,1.197,-2.870,44.870,82.880
-0.011,-0.433,1.231,1.540,36.050,79.170
0.012,-0.479,1.236,2.100,25.970,70.840
0.011,-0.513,1.232,4.830,21.560,60.900
-0.005,-0.529,1.231,4.060,14.350,54.740
-0.025,-0.551,1.215,2.450,9.870,42.350
-0.024,-0.556,1.200,2.170,7.210,31.500
-0.031,-0.554,1.192,7.560,0.700,26.810
-0.029,-0.561,1.175,8.750,-4.200,15.120
-0.035,-0.560,1.148,6.440,-6.020,9.450
-0.053,-0.534,1.122,8.120,-10.360,0.910
-0.061,-0.508,1.079,16.730,-11.970,-6.930
-0.048,-0.497,1.049,11.970,-12.390,-11.900
-0.045,-0.455,1.019,10.640,-11.830,-19.180
-0.038,-0.413,0.987,13.860,-11.340,-26.950
0.027,-0.397,0.983,5.880,-10.150,-31.640
0.051,-0.342,0.940,3.360,-8.050,-40.740
0.038,-0.307,0.895,0.700,-5.250,-49.070
0.034,-0.232,0.882,-6.020,2.940,-52.710
0.041,-0.157,0.867,-8.260,10.780,-58.380
0.041,-0.120,0.863,-13.580,15.120,-60.410
0.022,-0.043,0.862,-21.910,25.340,-61.950
0.013,0.031,0.869,-26.740,30.730,-58.170
0.048,0.061,0.886,-28.490,37.800,-54.180
0.080,0.110,0.896,-24.710,38.640,-43.120
0.074,0.142,0.915,-24.360,39.830,-29.120
0.029,0.159,0.909,-19.390,43.050,-20.160
-0.005,0.166,0.923,-12.950,44.870,-2.590
-0.015,0.149,0.984,-14.490,46.900,9.520
-0.093,0.106,1.002,-19.460,49.980,16.520
-0.070,0.032,1.012,-10.150,52.080,27.300
-0.074,-0.013,1.117,-6.300,49.630,49.280
-0.133,-0.073,1.129,2.870,44.380,40.040
-0.155,-0.151,1.173,6.790,40.880,44.450

-2.274,-2.288,-0.552,-112.000,-8.680,-410.130
-2.389,-2.306,-0.589,-109.130,-2.940,-435.470
-2.428,-2.292,-0.667,-107.170,4.340,-486.360
-2.477,-2.275,-0.753,-105.070,10.220,-512.260
-2.576,-2.213,-0.790,-105.280,24.500,-564.480
-2.632,-2.108,-0.851,-105.980,50.680,-616.210
-2.765,-2.046,-0.917,-113.190,54.180,-642.530
-2.928,-1.884,-0.951,-110.600,81.130,-692.650
-2.971,-1.725,-0.952,-112.770,97.650,-742.280
-3.026,-1.634,-0.884,-127.960,130.760,-765.800
-3.095,-1.441,-0.863,-134.540,161.210,-811.580
-3.092,-1.268,-0.834,-142.940,176.610,-858.760
-3.036,-1.180,-0.799,-159.320,208.040,-883.330
-2.935,-0.998,-0.796,-170.100,241.150,-934.570
-2.868,-0.801,-0.789,-192.430,256.830,-988.050
-2.777,-0.688,-0.793,-207.410,282.520,-1015.070
-2.738,-0.417,-0.836,-214.690,314.510,-1060.640
-2.678,-0.124,-0.852,-234.780,331.380,-1092.980
-2.611,0.030,-0.861,-257.530,368.970,-1102.290
-2.575,0.339,-0.917,-266.630,422.940,-1106.630
-2.572,0.608,-0.874,-287.630,453.110,-1098.720
-2.549,0.739,-0.831,-332.290,517.020,-1091.860
-2.452,0.955,-0.769,-354.130,585.270,-1071.980
-2.378,1.044,-0.713,-384.020,620.200,-1049.580
-2.280,1.214,-0.649,-402.500,689.080,-1035.020
-2.318,1.405,-0.478,-412.440,752.640,-994.700
-2.331,1.500,-0.289,-436.800,783.510,-933.450
-2.413,1.651,-0.181,-480.060,837.550,-900.270
-2.426,1.719,-0.113,-489.230,897.190,-829.640
-2.328,1.724,0.100,-486.570,922.880,-758.660
-2.253,1.754,0.261,-531.650,957.320,-718.270
-2.232,1.766,0.352,-548.170,999.810,-633.010
-2.239,1.734,0.565,-573.230,1017.660,-591.010
-2.530,1.731,0.855,-783.440,1044.820,-500.360
-2.745,1.684,1.055,-950.670,1098.090,-400.750
-2.761,1.647,0.688,-1076.880,1139.320,-343.140
-2.611,1.462,0.771,-1064.140,1179.570,-227.080
-2.502,1.256,1.026,-1058.680,1187.340,-112.000
-2.280,1.151,1.184,-1047.340,1196.370,-51.660
-2.193,0.892,1.243,-981.190,1191.470,64.610
-2.142,0.585,1.527,-935.060,1178.800,176.260
-1.887,0.381,1.733,-824.670,1142.540,225.540
-1.654,-0.063,1.853,-732.270,1076.880,303.870
-1.483,-0.529,2.170,-515.760,1046.430,350.000
-1.286,-0.780,2.845,-334.810,945.770,347.130
-1.644,-1.224,3.083,-268.520,786.520,303.310
-1.803,-1.434,3.258,-175.980,726.110,250.250
-1.739,-1.585,3.406,-142.590,610.400,210.490
-1.341,-1.825,3.697,-146.790,478.100,115.780
-1.186,-1.871,3.701,-153.790,410.900,21.700
-0.941,-1.819,3.639,-135.520,283.430,-22.400
-0.903,-1.555,3.421,-137.200,174.020,-103.320
-0.927,-1.350,2.980,-151.480,127.820,-164.430
-0.838,-0.949,2.740,-125.720,38.220,-186.760
-0.804,-0.575,2.322,-103.250,-38.360,-216.020
-0.808,-0.399,1.951,-68.530,-68.880,-225.190
-0.891,-0.065,1.781,-43.050,-115.360,-229.810
-0.924,0.204,1.464,-30.590,-145.110,-223.300
-0.995,0.332,1.196,-19.670,-152.460,-214.620
-1.041,0.539,1.066,-22.260,-153.300,-190.050
-1.033,0.689,0.847,-24.780,-149.520,-158.970
-0.995,0.750,0.670,-34.230,-133.840,-141.470
-0.958,0.838,0.588,-39.690,-109.480,-103.040
-0.934,0.901,0.447,-48.860,-95.760,-57.330
-0.821,0.913,0.335,-38.920,-66.990,-33.460
-0.765,0.908,0.302,-33.670,-35.490,14.980
-0.773,0.875,0.237,-30.800,-16.730,62.370
-0.803,0.840,0.209,-22.820,24.850,85.470
-0.793,0.706,0.207,-11.620,65.240,125.930
-0.787,0.610,0.387,-7.770,82.600,155.330
-0.834,0.415,0.466,-23.660,109.060,168.420
-0.884,0.253,0.532,-17.990,136.430,192.010
-0.878,0.171,0.702,-30.100,147.280,206.150
-0.827,-0.020,0.758,-35.700,164.010,208.460
-0.796,-0.197,0.896,-35.140,171.570,206.500
-0.735,-0.276,1.042,-36.960,173.250,202.930
-0.665,-0.442,1.122,-47.670,170.170,186.830
-0.622,-0.585,1.242,-52.430,167.510,164.080
-0.518,-0.647,1.366,-56.630,154.280,150.290
-0.431,-0.743,1.418,-61.950,136.990,120.190
-0.402,-0.797,1.501,-63.280,126.420,90.090
-0.369,-0.810,1.561,-58.450,104.160,75.320
-0.331,-0.816,1.602,-58.310,80.150,45.920
-0.311,-0.786,1.640,-64.540,67.830,20.720
-0.284,-0.754,1.639,-58.240,40.110,11.410
-0.254,-0.675,1.630,-52.150,10.290,-2.100
-0.245,-0.500,1.565,-44.590,-2.590,-9.100
-0.198,-0.524,1.515,-32.970,-25.690,-10.640
-0.175,-0.425,1.408,-26.600,-44.170,-9.240
-0.176,-0.383,1.293,-15.610,-51.100,-6.230
-0.156,-0.330,1.242,-1.470,-62.720,1.960
-0.134,-0.317,1.160,1.890,-66.710,10.500
-0.096,-0.317,1.067,7.560,-72.240,15.470
-0.094,-0.327,1.019,33.950,-75.740,27.300
-0.090,-0.368,0.962,30.100,-75.460,35.630
-0.079,-0.397,0.928,28.280,-71.330,37.450
-0.030,-0.461,0.910,25.690,-66.500,38.290
-0.011,-0.508,0.874,24.150,-64.050,37.100
-0.010,-0.529,0.858,20.230,-55.720,35.000
0.003,-0.568,0.838,16.800,-45.290,28.840
0.023,-0.585,0.817,15.540,-41.510,22.050
0.058,-0.598,0.811,17.010,-32.340,19.040
0.060,-0.602,0.811,17.780,-24.220,12.670
0.054,-0.605,0.813,13.510,-18.830,8.960
0.065,-0.613,0.818,2.870,-7.560,-0.910
0.082,-0.603,0.831,-1.260,14.770,-11.270
0.105,-0.583,0.837,-7.840,4.480,-15.470
0.107,-0.528,0.840,-11.550,12.460,-22.750
0.111,-0.464,0.851,-20.720,16.170,-28.490
0.094,-0.427,0.855,-26.880,24.360,-29.890
0.048,-0.355,0.865,-28.490,32.060,-29.610
0.045,-0.302,0.897,-26.390,35.140,-26.320
0.031,-0.279,0.924,-23.590,37.870,-23.380
0.014,-0.248,0.968,-21.980,37.450,-16.170
-0.008,-0.231,1.001,-13.650,35.560,-5.600
-0.063,-0.233,1.021,-2.240,30.380,-0.770
-0.080,-0.272,1.059,1.470,25.480,6.580
-0.105,-0.295,1.090,10.080,22.260,9.030
-0.165,-0.345,1.101,14.490,17.710,12.460

-2.413,1.849,1.033,-668.780,1143.030,-504.070
-2.348,1.837,1.280,-719.670,1155.070,-454.230
-2.264,1.736,1.370,-729.120,1150.660,-355.110
-2.285,1.736,2.071,-873.740,1140.510,-224.700
-2.110,1.505,1.774,-1173.760,1150.100,-193.270
-2.113,1.315,1.615,-1170.960,1149.820,-49.840
-1.975,0.901,1.632,-946.820,1105.720,55.860
-1.938,0.770,1.767,-596.680,1032.220,103.320
-1.922,0.515,2.052,-458.500,957.810,168.560
-1.937,0.237,2.667,-340.340,912.870,196.910
-1.928,0.096,2.840,-359.100,835.730,204.960
-1.782,-0.178,3.050,-358.190,732.340,213.710
-1.678,-0.455,3.121,-305.550,677.740,204.260
-1.464,-0.607,3.154,-236.180,578.550,194.600
-1.267,-0.832,3.273,-202.440,474.530,163.660
-1.151,-0.940,3.378,-147.980,419.720,115.990
-0.885,-1.093,3.403,-105.770,307.650,87.710
-0.802,-1.144,3.364,-89.250,197.680,26.180
-0.725,-1.117,3.169,-63.700,150.430,-21.770
-0.691,-0.937,3.052,-89.390,67.900,-59.220
-0.673,-0.677,2.682,-105.980,15.470,-103.670
-0.604,-0.541,2.282,-112.910,-27.020,-120.400
-0.560,-0.273,2.111,-91.910,-78.750,-140.700
-0.580,-0.020,1.808,-81.130,-99.820,-144.410
-0.629,0.091,1.540,-66.990,-129.010,-141.400
-0.651,0.277,1.416,-63.070,-144.760,-125.650
-0.640,0.414,1.190,-53.900,-148.960,-99.610
-0.593,0.464,1.002,-39.060,-153.650,-83.650
-0.581,0.527,0.913,-31.570,-150.710,-49.140
-0.581,0.544,0.752,-21.280,-145.180,-15.890
-0.554,0.533,0.679,-12.950,-128.100,-1.540
-0.461,0.487,0.584,-11.970,-109.060,23.030
-0.419,0.463,0.494,-7.980,-99.960,43.330
-0.341,0.402,0.458,-1.610,-80.920,50.190
-0.317,0.342,0.414,-6.370,-56.910,59.920
-0.326,0.319,0.338,-13.510,-42.700,63.840
-0.339,0.279,0.314,-13.090,-13.650,70.280
-0.354,0.235,0.300,-16.240,20.020,74.830
-0.350,0.212,0.302,-19.460,32.130,77.630
-0.354,0.161,0.314,-14.560,57.050,83.510
-0.368,0.090,0.387,-12.530,69.860,85.750
-0.421,0.055,0.478,-25.340,96.880,85.960
-0.468,-0.010,0.531,-30.450,120.260,85.960
-0.494,-0.059,0.649,-35.000,130.340,87.570
-0.535,-0.086,0.716,-36.960,147.140,87.640
-0.569,-0.143,0.849,-38.500,159.110,85.190
-0.588,-0.170,0.989,-41.720,162.610,78.260
-0.599,-0.218,1.051,-55.930,166.740,76.020
-0.484,-0.278,1.123,-48.650,161.490,68.880
-0.470,-0.303,1.276,-43.960,154.210,60.130
-0.446,-0.336,1.306,-40.110,140.700,55.790
-0.422,-0.382,1.381,-34.020,122.080,43.260
-0.407,-0.396,1.456,-35.070,111.930,35.980
-0.407,-0.406,1.469,-32.060,91.910,22.610
-0.411,-0.413,1.502,-31.780,82.180,7.350
-0.423,-0.408,1.511,-34.020,64.890,-0.140
-0.402,-0.390,1.517,-32.270,46.760,-14.420
-0.394,-0.351,1.530,-32.410,38.080,-27.300
-0.345,-0.317,1.403,-35.070,17.570,-30.940
-0.249,-0.235,1.454,-26.600,-3.780,-33.740
-0.217,-0.195,1.392,-15.470,-12.530,-34.370
-0.185,-0.116,1.348,-11.340,-26.040,-33.320
-0.148,-0.047,1.251,-8.050,-35.280,-28.140
-0.137,-0.023,1.169,-3.640,-38.570,-18.690
-0.135,0.005,1.127,1.680,-40.950,-14.210
-0.129,-0.004,1.063,0.700,-38.010,-7.560
-0.130,-0.009,1.013,-3.710,-35.420,-4.480
-0.110,-0.029,0.994,-4.690,-30.590,1.820
-0.099,-0.057,0.966,-4.480,-28.630,8.890
-0.086,-0.080,0.957,-1.050,-25.340,11.690
-0.069,-0.132,0.953,1.400,-24.500,15.680
-0.035,-0.156,0.947,8.190,-24.990,18.970
-0.009,-0.210,0.945,15.750,-27.160,18.760
-0.047,-0.241,0.930,11.270,-22.960,15.330
-0.055,-0.250,0.884,3.780,-20.650,11.970
-0.096,-0.257,0.867,6.020,-14.700,10.430
-0.109,-0.264,0.857,4.270,-6.090,4.690
-0.114,-0.268,0.857,-0.700,-1.190,1.120
-0.091,-0.262,0.865,-3.360,6.020,-4.970
-0.077,-0.232,0.871,-3.500,8.260,-8.190
-0.074,-0.221,0.882,-5.250,13.160,-10.290
-0.077,-0.186,0.906,-9.520,19.250,-13.720
-0.092,-0.162,0.922,-13.020,22.260,-13.860
-0.082,-0.125,0.943,-13.230,25.970,-13.370
-0.073,-0.102,0.987,-13.720,27.930,-11.060
-0.083,-0.092,1.023,-12.320,28.140,-6.860
-0.122,-0.087,1.040,-8.190,28.420,-5.110
-0.142,-0.107,1.093,-8.470,29.190,-2.730
-0.161,-0.120,1.148,-8.820,28.420,-1.890
-0.158,-0.147,1.172,-8.610,23.870,-0.840
-0.154,-0.174,1.211,-6.020,20.440,-0.420
-0.155,-0.187,1.229,-4.130,12.880,-0.630
-0.161,-0.199,1.246,-3.080,2.590,0.350
-0.151,-0.208,1.244,7.210,-3.500,-0.210
-0.141,-0.230,1.238,8.190,-13.790,-1.960
-0.151,-0.223,1.177,9.030,-19.390,-6.090
-0.161,-0.209,1.122,5.600,-20.790,-8.540
-0.148,-0.170,1.087,-0.070,-22.190,-11.830
-0.138,-0.127,1.011,-0.070,-22.330,-12.110
-0.144,-0.108,0.951,-1.190,-20.300,-12.110
-0.142,-0.081,0.928,-3.430,-15.540,-11.830
-0.128,-0.053,0.896,-5.110,-13.930,-9.380
-0.094,-0.044,0.887,-2.730,-11.620,-7.910
-0.100,-0.025,0.866,-2.310,-7.560,-3.640
-0.113,-0.019,0.848,-2.030,-3.920,16.380
-0.118,-0.015,0.846,-0.490,2.730,3.710
-0.120,-0.026,0.851,2.030,5.600,9.730
-0.128,-0.040,0.888,3.990,12.250,12.320
-0.158,-0.087,0.911,3.290,18.480,15.540
-0.170,-0.150,0.976,2.590,20.790,16.030
-0.194,-0.178,1.008,0.490,23.450,15.470
-0.216,-0.227,1.066,0.140,24.080,12.950
-0.232,-0.375,1.118,-2.100,24.290,8.120
-0.262,-0.282,1.144,-6.230,22.960,5.390
-0.262,-0.302,1.186,-6.860,18.830,-0.210
-0.253,-0.310,1.225,-6.860,15.330,-3.430
-0.257,-0.311,1.237,-6.440,7.560,-9.100
-0.258,-0.304,1.255,-4.760,3.220,-13.720
-0.248,-0.299,1.262,-2.100,-6.650,-15.890

-2.247,-2.546,0.262,-76.650,50.820,-581.280
-2.544,-2.510,0.234,-78.890,43.120,-606.690
-2.787,-2.509,0.181,-81.620,43.330,-661.780
-2.923,-2.504,0.158,-95.340,41.300,-691.810
-3.272,-2.473,0.132,-103.040,40.390,-755.930
-3.438,-2.413,0.081,-106.680,20.020,-828.170
-3.798,-2.351,0.005,-103.180,27.790,-865.480
-4.161,-2.176,-0.051,-112.700,7.770,-945.910
-4.297,-1.961,-0.224,-124.320,-3.220,-1036.980
-4.557,-1.829,-0.466,-162.470,-21.560,-1085.770
-4.864,-1.501,-0.630,-180.810,-22.400,-1181.390
-5.007,-1.117,-0.907,-220.290,-14.140,-1275.400
-5.364,-0.908,-1.176,-295.610,19.530,-1322.510
-5.695,-0.466,-1.356,-327.740,75.880,-1414.770
-5.844,0.015,-1.634,-382.410,115.080,-1502.760
-6.090,0.270,-1.859,-461.930,217.560,-1543.640
-6.383,0.819,-1.940,-490.000,347.970,-1613.850
-6.520,1.419,-1.908,-557.340,421.400,-1657.670
-6.811,1.713,-1.839,-679.280,585.060,-1671.390
-7.177,2.265,-1.739,-736.330,769.930,-1683.430
-7.401,2.777,-1.549,-829.780,867.090,-1668.730
-7.910,3.079,-1.356,-962.290,1080.450,-1643.110
-8.293,3.557,-0.903,-1055.810,1324.680,-1555.190
-8.464,4.068,-0.202,-1271.480,1449.210,-1362.830
-8.773,4.163,0.178,-1558.270,1691.340,-1243.060
-8.743,4.230,1.036,-1700.020,1905.120,-933.870
-8.263,4.328,2.526,-2275.840,1954.960,-522.550
-7.782,3.930,2.025,-2293.480,2105.600,-304.430
-7.285,3.373,2.220,-2293.480,2056.880,193.130
-7.095,3.017,1.998,-2290.260,1957.690,666.330
-7.091,1.967,1.762,-1725.570,1702.120,858.900
-7.305,0.914,2.184,-1339.030,1425.550,1129.240
-7.341,0.401,3.173,-887.460,1306.200,1252.300
-7.324,-0.635,3.591,-829.220,1092.420,1272.810
-7.201,-1.778,3.931,-821.940,874.720,1253.560
-6.691,-2.342,4.039,-699.370,759.360,1168.230
-5.911,-3.463,4.110,-479.080,528.150,1108.940
-5.486,-4.542,4.331,-377.930,323.960,919.240
-4.571,-5.019,4.625,-260.820,236.040,797.650
-3.676,-5.693,4.693,-220.850,41.090,527.870
-3.265,-6.056,4.534,-189.910,-127.190,240.240
-2.640,-6.079,4.175,-118.370,-220.710,95.970
-2.404,-5.573,3.931,-108.920,-354.970,-155.610
-2.430,-4.639,3.265,-148.050,-409.360,-371.350
-2.503,-4.125,2.577,-205.450,-491.820,-458.500
-2.412,-3.179,2.168,-202.090,-546.210,-600.320
-2.353,-2.302,1.649,-178.990,-570.080,-697.060
-2.375,-1.896,1.066,-142.800,-599.830,-729.190
-2.416,-1.209,0.823,-110.390,-602.420,-772.660
-2.382,-0.663,0.479,-60.200,-595.980,-794.850
-2.213,-0.427,0.223,-24.150,-573.650,-797.930
-1.989,-0.013,0.139,-8.120,-546.280,-792.400
-1.898,0.301,-0.032,20.930,-530.180,-770.140
-1.721,0.511,-0.116,47.180,-488.670,-753.620
-1.521,0.800,-0.233,60.200,-440.860,-710.290
-1.396,0.920,-0.281,74.340,-414.960,-657.510
-1.091,1.111,-0.288,77.490,-361.760,-630.210
-0.859,1.264,-0.253,68.810,-308.910,-577.080
-0.695,1.313,-0.238,63.350,-284.970,-528.150
-0.399,1.506,-0.189,35.280,-241.920,-494.270
-0.034,1.663,-0.083,-1.260,-220.570,-425.810
0.015,1.728,-0.427,-10.780,-197.680,-387.660
-0.014,1.932,-0.478,-21.700,-124.530,-287.210
0.050,1.987,-0.461,-35.350,-91.000,-184.100
0.210,1.978,-0.506,-17.920,-31.710,-134.330
0.290,1.956,-0.460,-6.930,28.560,-34.860
0.323,1.867,-0.313,-14.070,55.860,62.370
0.354,1.745,-0.149,30.730,97.860,104.370
0.239,1.494,-0.096,58.940,138.180,181.160
0.169,1.260,0.150,52.640,159.320,245.840
0.033,1.143,0.214,30.030,199.220,274.540
-0.092,0.910,0.316,28.770,233.100,322.630
-0.106,0.685,0.474,28.000,244.650,365.050
-0.151,0.583,0.543,37.870,259.770,381.850
-0.277,0.364,0.698,36.540,272.930,406.350
-0.348,0.256,0.845,14.000,279.370,421.050
-0.441,0.036,0.906,-8.050,287.840,424.830
-0.469,-0.184,1.037,-15.820,287.140,425.110
-0.505,-0.295,1.165,-28.210,284.340,421.400
-0.547,-0.503,1.225,-32.480,273.210,409.010
-0.572,-0.707,1.344,-35.350,266.560,387.380
-0.609,-0.804,1.471,-49.140,252.420,373.730
-0.615,-0.984,1.513,-54.530,232.190,342.160
-0.612,-1.152,1.597,-52.150,220.290,304.850
-0.612,-1.229,1.684,-47.390,192.570,283.710
-0.609,-1.366,1.722,-46.900,163.940,237.230
-0.595,-1.471,1.786,-45.990,147.840,187.740
-0.578,-1.511,1.805,-38.430,112.980,162.190
-0.564,-1.565,1.826,-34.930,79.030,110.670
-0.541,-1.582,1.834,-29.470,61.180,60.550
-0.476,-1.576,1.825,-16.030,22.050,36.750
-0.448,-1.525,1.769,-9.240,-14.070,-8.470
-0.455,-1.467,1.646,-2.940,-27.790,-47.600
-0.448,-1.300,1.573,-10.220,-48.370,-65.310
-0.426,-1.121,1.414,-10.990,-64.610,-95.130
-0.387,-1.037,1.277,-7.560,-70.350,-107.940
-0.368,-0.879,1.222,-7.770,-76.650,-130.480
-0.360,-0.738,1.129,-7.980,-77.420,-149.310
-0.302,-0.670,1.065,-9.100,-77.630,-157.500
-0.236,-0.542,1.036,-9.800,-76.440,-171.500
-0.205,-0.412,0.981,-11.480,-75.320,-181.230
-0.157,-0.350,0.935,-12.110,-71.960,-184.800
-0.114,-0.228,0.916,-12.950,-67.620,-188.650
-0.092,-0.114,0.874,-13.790,-65.450,-186.550
-0.044,-0.061,0.855,-8.890,-62.160,-183.750
0.009,0.042,0.825,-6.650,-59.710,-173.670
0.030,0.085,0.789,-4.690,-58.170,-160.020
0.037,0.167,0.766,-3.640,-52.010,-151.340
0.030,0.250,0.712,-2.450,-41.300,-130.550
0.020,0.285,0.680,0.840,-34.860,-118.790
0.019,0.331,0.670,2.450,-21.000,-94.500
0.016,0.363,0.666,0.420,-12.670,-69.020
0.007,0.375,0.669,-4.620,4.760,-56.210
0.002,0.382,0.680,-6.580,21.280,-29.330
-0.004,0.368,0.719,-11.270,28.910,-2.590
-0.010,0.345,0.746,-11.130,40.880,10.290
-0.019,0.265,0.817,-5.390,45.710,34.230
-0.035,0.217,0.898,9.520,46.550,55.160
-0.076,0.109,0.935,20.160,46.060,63.980

-2.869,-2.292,0.035,-118.650,-158.270,-618.590
-2.953,-2.324,-0.126,-128.030,-169.610,-689.220
-3.069,-2.349,-0.236,-128.870,-191.310,-729.330
-3.166,-2.255,-0.449,-136.010,-204.400,-815.920
-3.225,-2.164,-0.679,-184.730,-207.550,-908.880
-3.365,-1.903,-0.821,-228.970,-209.790,-955.920
-3.416,-1.583,-1.095,-251.160,-203.840,-1051.960
-3.498,-1.402,-1.405,-293.580,-190.680,-1134.280
-3.597,-1.016,-1.509,-331.380,-156.590,-1191.610
-3.645,-0.593,-1.664,-358.820,-113.470,-1284.990
-3.898,-0.345,-1.876,-414.960,-81.970,-1328.320
-4.082,0.199,-1.961,-487.620,11.200,-1397.970
-4.164,0.791,-2.095,-527.100,147.280,-1434.860
-4.325,1.068,-2.108,-594.510,218.120,-1441.720
-4.330,1.582,-2.089,-648.340,377.090,-1430.100
-4.282,2.045,-1.925,-684.950,553.840,-1384.880
-4.161,2.250,-1.616,-775.040,644.630,-1350.020
-4.086,2.568,-1.439,-876.120,812.210,-1267.420
-4.046,2.834,-1.077,-897.890,889.350,-1156.750
-4.008,2.978,-0.597,-997.990,1030.540,-1081.220
-3.862,3.105,-0.464,-1061.550,1159.830,-914.830
-3.762,3.028,-0.120,-1061.130,1211.910,-747.320
-3.612,3.007,0.338,-1074.220,1290.660,-654.710
-3.504,2.873,0.551,-1092.000,1344.770,-469.000
-3.477,2.625,0.911,-1138.970,1363.250,-288.540
-3.427,2.427,1.454,-1241.940,1380.680,-215.460
-3.288,2.115,1.705,-1362.900,1376.480,-59.850
-3.311,1.963,1.659,-1582.280,1372.700,145.950
-3.513,1.737,1.398,-1559.810,1343.580,241.080
-3.600,1.204,1.418,-1467.060,1270.430,407.330
-3.600,0.668,1.555,-1201.830,1219.610,534.030
-3.618,0.392,1.658,-941.850,1116.080,580.650
-3.674,-0.117,1.938,-838.040,1017.380,645.890
-3.685,-0.749,2.181,-652.050,968.940,676.550
-3.574,-0.918,2.320,-476.840,868.840,672.840
-3.392,-1.470,2.748,-412.300,757.820,638.260
-3.216,-1.739,3.066,-347.690,706.160,569.170
-2.737,-2.319,3.201,-261.940,582.400,522.340
-2.217,-2.793,3.439,-215.180,446.040,411.740
-1.994,-3.006,3.618,-141.400,382.130,266.770
-1.572,-3.327,3.683,-109.410,250.180,185.710
-1.279,-3.414,3.616,-87.780,122.500,19.530
-1.214,-3.325,3.407,-60.550,67.060,-130.410
-1.202,-2.857,3.244,-103.530,-19.600,-202.090
-1.155,-2.275,2.812,-127.260,-94.290,-326.200
-1.081,-1.983,2.333,-143.080,-129.080,-377.510
-1.042,-1.393,2.096,-134.610,-177.170,-451.150
-0.979,-0.917,1.727,-125.020,-197.400,-506.170
-0.972,-0.683,1.389,-104.510,-229.950,-524.650
-1.053,-0.223,1.240,-75.670,-241.920,-540.960
-1.063,0.126,0.975,-76.580,-241.430,-540.960
-0.998,0.281,0.816,-58.660,-234.220,-534.450
-0.890,0.569,0.732,-52.990,-219.240,-510.650
-0.851,0.824,0.596,-43.610,-207.480,-470.750
-0.731,0.939,0.415,-40.600,-176.750,-444.220
-0.530,1.123,0.453,-34.440,-146.020,-379.960
-0.417,1.241,0.419,-12.740,-131.110,-310.520
-0.220,1.281,0.426,-7.560,-100.310,-275.660
-0.104,1.345,0.455,-12.600,-70.840,-202.650
0.020,1.366,0.417,-8.470,-54.180,-126.490
0.277,1.337,0.463,6.440,-32.900,-91.280
0.329,1.285,0.527,6.860,-11.410,-24.430
0.373,1.242,0.577,12.460,-1.610,6.230
0.457,1.081,0.623,33.670,12.250,58.590
0.473,0.896,0.751,38.500,18.480,102.550
0.457,0.804,0.852,32.480,30.240,120.960
0.429,0.629,0.882,27.580,40.460,151.690
0.436,0.460,0.948,18.200,44.100,173.180
0.489,0.382,1.002,10.500,46.900,181.650
0.519,0.235,1.026,9.100,43.400,193.550
0.502,0.104,1.055,2.870,41.230,200.340
0.447,0.048,1.057,-3.150,35.980,202.440
0.385,-0.058,1.055,-4.690,29.190,204.610
0.343,-0.108,1.031,-5.530,25.900,204.050
0.216,-0.191,1.008,-5.600,24.220,203.840
0.028,-0.264,0.974,-4.200,26.180,202.300
0.024,-0.300,0.963,-5.110,28.210,201.040
-0.081,-0.372,0.961,-7.560,34.370,198.450
-0.115,-0.447,0.958,-5.600,36.470,195.090
-0.192,-0.488,0.977,1.750,41.650,192.080
-0.280,-0.562,0.996,-16.450,49.140,184.450
-0.302,-0.644,1.037,-2.450,52.430,173.390
-0.320,-0.685,1.087,-4.060,54.880,166.390
-0.332,-0.761,1.113,-5.250,54.740,150.710
-0.324,-0.834,1.162,-9.170,53.200,133.350
-0.290,-0.872,1.178,-6.090,46.620,123.130
-0.252,-0.935,1.214,-3.360,37.240,101.010
-0.229,-0.961,1.239,5.390,32.060,75.810
-0.188,-1.003,1.252,13.580,20.930,61.250
-0.183,-1.017,1.276,13.720,11.830,30.100
-0.192,-1.008,1.279,8.190,8.260,-3.710
-0.195,-0.953,1.281,-4.130,1.540,-16.170
-0.198,-0.844,1.251,-13.160,-0.420,-40.530
-0.138,-0.781,1.190,-23.100,-3.990,-51.170
-0.043,-0.651,1.163,-25.410,-7.630,-69.160
-0.008,-0.514,1.106,-29.470,-9.100,-81.130
0.033,-0.447,1.074,-25.270,-11.970,-84.700
0.037,-0.326,1.016,-24.570,-11.620,-87.990
0.036,-0.143,0.963,-22.470,-10.640,-83.510
0.047,-0.174,0.942,-12.600,-8.960,-79.730
0.047,-0.102,0.915,-9.660,-4.410,-69.370
0.052,-0.073,0.902,-6.090,-1.820,-63.420
0.047,-0.031,0.897,-3.150,3.010,-51.520
0.025,0.006,0.893,-3.640,6.230,-37.450
0.006,0.013,0.896,-3.710,14.070,-30.660
-0.003,0.008,0.910,-4.200,21.000,-18.480
-0.022,-0.001,0.944,-7.630,23.940,-6.440
-0.027,-0.023,0.968,-3.010,25.900,-0.770
-0.006,-0.086,1.021,4.200,22.330,8.750
-0.011,-0.123,1.085,14.770,20.160,13.160
-0.051,-0.184,1.107,17.080,16.380,13.790
-0.081,-0.232,1.138,17.080,12.950,13.650
-0.117,-0.256,1.167,17.710,10.920,12.740
-0.090,-0.314,1.184,16.660,5.320,6.930
-0.072,-0.353,1.219,13.510,-15.680,-3.920
-0.049,-0.358,1.221,6.300,-4.340,-9.870
-0.015,-0.346,1.221,-14.630,-11.130,-21.630
0.024,-0.294,1.200,-3.290,-14.840,-31.010
0.098,-0.256,1.139,-3.780,-22.190,-34.160

-2.279,-2.626,0.197,-114.380,3.010,-232.820
-2.362,-2.757,0.239,-112.070,-10.640,-264.250
-2.423,-2.839,0.312,-109.900,-35.140,-332.430
-2.581,-2.864,0.344,-103.810,-50.610,-404.390
-2.786,-2.868,0.335,-96.670,-82.250,-440.790
-2.902,-2.830,0.275,-94.500,-107.870,-511.910
-3.147,-2.793,0.167,-92.960,-115.570,-546.420
-3.391,-2.689,0.116,-106.190,-119.210,-613.620
-3.506,-2.536,0.025,-116.060,-117.670,-676.760
-3.742,-2.446,-0.068,-132.790,-112.000,-706.300
-3.949,-2.268,-0.119,-144.830,-100.660,-764.610
-4.037,-2.101,-0.246,-168.140,-93.310,-823.690
-4.224,-2.013,-0.375,-184.870,-76.160,-852.390
-4.444,-1.824,-0.408,-194.180,-49.910,-909.510
-4.517,-1.628,-0.446,-242.760,-39.550,-965.720
-4.660,-1.538,-0.520,-263.060,-17.640,-995.260
-4.815,-1.335,-0.598,-282.870,4.340,-1056.020
-4.904,-1.108,-0.768,-299.390,12.460,-1108.450
-5.004,-1.012,-0.857,-292.880,30.170,-1133.580
-5.072,-0.836,-0.990,-296.240,52.850,-1187.410
-5.120,-0.742,-1.162,-308.770,68.180,-1246.770
-5.190,-0.532,-1.255,-330.260,119.980,-1276.800
-5.268,-0.262,-1.332,-359.800,194.670,-1337.630
-5.290,-0.111,-1.413,-428.190,238.700,-1396.080
-5.397,0.238,-1.441,-475.650,335.580,-1420.510
-5.582,0.630,-1.423,-496.160,442.260,-1459.570
-5.683,0.855,-1.337,-572.250,504.280,-1474.900
-5.777,1.226,-1.289,-669.200,643.860,-1478.050
-5.832,1.598,-1.142,-722.470,794.780,-1468.110
-6.049,1.779,-0.959,-810.180,872.410,-1417.920
-6.270,2.132,-0.835,-908.670,1028.160,-1401.750
-6.348,2.468,-0.570,-964.880,1196.160,-1304.240
-6.405,2.615,-0.054,-1153.250,1287.510,-1232.700
-6.279,2.952,0.232,-1562.540,1505.140,-1016.050
-6.321,2.942,1.059,-1766.240,1564.850,-758.310
-6.105,2.947,-0.160,-1920.940,1662.290,-597.240
-6.215,2.511,-0.110,-1695.050,1778.140,-332.500
-6.319,2.297,0.793,-1690.360,1792.630,-59.150
-6.404,2.215,0.920,-1773.380,1789.200,87.010
-6.499,1.842,0.819,-1677.270,1740.900,367.640
-6.570,1.394,0.707,-1542.170,1691.340,616.000
-6.866,1.153,0.653,-1184.540,1576.820,720.090
-7.238,0.638,0.744,-833.210,1472.100,880.040
-7.394,0.132,1.159,-688.380,1424.150,988.960
-7.441,-0.211,1.700,-529.340,1336.440,1012.060
-7.174,-1.053,1.973,-493.570,1241.590,998.270
-6.935,-1.881,2.423,-456.050,1188.180,941.920
-6.295,-2.309,2.842,-359.590,1061.340,896.910
-5.626,-3.174,2.984,-287.980,921.200,764.820
-5.251,-3.934,3.515,-220.290,850.220,586.180
-4.366,-4.279,3.703,-166.320,701.820,481.250
-3.532,-4.774,4.045,-125.230,530.530,250.810
-3.198,-4.911,4.334,-110.250,446.460,3.150
-2.787,-4.909,4.343,-113.190,275.310,-115.010
-2.643,-4.413,4.101,-102.480,119.420,-326.270
-2.610,-3.994,3.591,-86.100,55.090,-506.310
-2.466,-3.121,3.340,-54.460,-69.790,-579.740
-2.301,-2.241,2.798,-30.940,-169.610,-685.090
-2.294,-1.860,2.364,16.590,-214.830,-760.410
-2.199,-1.164,2.156,51.940,-292.110,-777.700
-2.209,-0.542,1.771,63.630,-350.700,-799.890
-2.284,-0.273,1.394,92.260,-369.950,-801.220
-2.247,0.196,1.260,112.630,-397.250,-783.230
-2.127,0.529,1.035,124.250,-425.320,-750.750
-1.836,0.668,0.882,127.960,-426.790,-730.800
-1.592,0.933,0.760,129.920,-431.130,-679.840
-1.463,1.155,0.581,127.260,-425.950,-617.960
-1.207,1.265,0.415,112.770,-415.380,-582.330
-0.939,1.434,0.312,117.250,-391.930,-504.910
-0.797,1.581,0.208,122.360,-378.210,-418.530
-0.521,1.649,0.102,118.860,-347.340,-371.070
-0.251,1.732,0.044,126.350,-314.020,-271.110
-0.135,1.762,-0.006,136.290,-295.190,-171.150
0.046,1.763,-0.025,120.750,-251.790,-121.030
0.227,1.720,-0.089,115.780,-208.110,-21.910
0.294,1.544,-0.154,121.870,-185.850,68.180
0.319,1.512,-0.171,132.650,-136.150,109.130
0.309,1.284,-0.089,125.930,-86.380,180.040
0.294,1.162,0.026,86.240,-61.320,239.470
0.271,0.913,0.073,40.530,-14.420,263.620
0.133,0.689,0.140,25.620,25.690,305.270
0.196,0.589,0.206,11.270,43.260,323.540
0.114,0.386,0.253,1.330,75.250,352.590
0.075,0.169,0.355,-8.330,91.070,367.710
0.031,0.071,0.464,-32.970,118.090,372.540
0.004,-0.121,0.502,-39.760,134.470,378.840
-0.019,-0.303,0.581,-35.490,139.580,380.100
-0.079,-0.390,0.676,-27.440,145.250,378.770
-0.164,-0.565,0.712,-23.520,145.460,371.280
-0.201,-0.735,0.776,1.960,143.640,357.700
-0.282,-0.816,0.960,-5.880,149.730,347.970
-0.360,-0.972,0.929,-13.930,151.550,323.750
-0.387,-1.046,0.990,-12.110,150.710,295.330
-0.442,-1.179,1.040,-8.890,144.480,279.650
-0.478,-1.301,1.114,-9.240,138.250,243.740
-0.488,-1.363,1.185,-16.380,133.910,200.970
-0.532,-1.454,1.205,-22.540,126.000,179.830
-0.542,-1.517,1.249,-19.880,111.860,136.150
-0.529,-1.545,1.301,-11.760,103.950,95.620
-0.529,-1.563,1.320,-6.300,86.310,68.180
-0.536,-1.541,1.336,-1.610,59.430,25.550
-0.551,-1.515,1.363,6.790,60.060,4.550
-0.562,-1.432,1.372,7.420,44.730,-35.210
-0.563,-1.282,1.360,-0.490,38.430,-70.490
-0.557,-1.191,1.299,-3.500,27.650,-85.610
-0.501,-1.017,1.276,-4.270,20.510,-113.120
-0.477,-0.848,1.230,-6.370,17.500,-135.590
-0.448,-0.766,1.211,-10.220,12.810,-143.920
-0.416,-0.612,1.173,-10.780,7.490,-154.210
-0.400,-0.543,1.135,-8.050,4.900,-159.530
-0.344,-0.430,1.122,-3.640,-0.420,-160.790
-0.314,-0.322,1.103,-1.820,-7.210,-159.740
-0.273,-0.269,1.077,1.470,-10.430,-157.430
-0.252,-0.172,1.061,3.290,-16.170,-149.450
-0.236,-0.087,1.034,4.340,-19.460,-136.710
-0.187,-0.054,1.002,7.000,-26.180,-129.360
-0.149,-0.002,0.986,7.280,-31.640,-114.450
-0.151,0.053,0.930,5.880,-33.040,-97.790
-0.175,0.076,0.901,9.940,-33.040,-88.410

-2.763,-2.117,-0.136,-132.370,-214.270,-642.390
-2.572,-2.056,-0.283,-131.880,-229.040,-708.330
-2.979,-1.793,-0.503,-174.790,-221.760,-768.320
-3.262,-1.671,-0.590,-233.660,-204.680,-801.430
-3.173,-1.407,-0.766,-268.310,-175.280,-854.490
-2.986,-1.312,-0.970,-298.200,-162.610,-907.550
-2.867,-1.071,-1.022,-318.360,-131.250,-930.930
-2.842,-0.775,-1.113,-340.760,-88.900,-972.230
-2.807,-0.632,-1.264,-371.420,-64.820,-1001.350
-2.755,-0.338,-1.301,-399.420,-3.920,-1012.270
-2.717,-0.063,-1.331,-412.790,54.880,-1024.170
-2.549,0.078,-1.376,-427.560,85.400,-1023.470
-2.424,0.356,-1.380,-441.280,150.640,-1007.580
-2.358,0.587,-1.354,-452.130,199.290,-978.530
-2.166,0.693,-1.338,-472.080,248.220,-958.720
-1.931,0.871,-1.303,-497.140,313.880,-910.140
-1.790,0.978,-1.270,-497.700,343.910,-861.210
-1.531,1.038,-1.187,-489.790,393.050,-833.700
-1.327,1.137,-1.137,-492.870,434.420,-778.120
-1.212,1.216,-1.065,-488.180,452.130,-717.290
-1.029,1.242,-1.004,-479.990,484.540,-686.490
-0.905,1.260,-0.970,-473.900,518.140,-628.110
-0.834,1.286,-0.867,-481.110,537.600,-568.330
-0.741,1.290,-0.807,-502.810,574.700,-537.390
-0.701,1.269,-0.699,-510.230,606.690,-478.100
-0.676,1.234,-0.657,-510.370,626.150,-415.800
-0.642,1.199,-0.594,-500.430,666.750,-383.460
-0.654,1.092,-0.379,-508.340,704.900,-321.230
-0.691,0.890,-0.239,-498.470,719.950,-261.730
-0.678,0.855,-0.118,-492.100,739.410,-234.990
-0.665,0.671,0.044,-495.320,758.660,-192.080
-0.692,0.556,0.339,-555.520,768.110,-174.510
-0.703,0.492,0.346,-617.610,784.420,-152.740
-0.706,0.357,0.082,-541.800,779.660,-122.920
-0.709,0.290,0.366,-401.240,770.490,-116.060
-0.809,0.229,0.486,-383.040,764.330,-104.930
-0.840,0.155,0.617,-382.060,757.260,-95.550
-0.802,0.098,0.694,-363.650,750.890,-94.570
-0.817,0.024,0.725,-308.490,733.530,-93.450
-0.856,-0.039,0.818,-274.820,723.310,-99.120
-0.837,-0.065,0.976,-233.940,706.510,-103.950
-0.811,-0.108,1.048,-203.140,684.250,-116.270
-0.809,-0.143,1.206,-196.350,671.020,-135.520
-0.834,-0.136,1.365,-221.060,651.350,-143.990
-0.857,-0.130,1.428,-262.150,639.730,-159.950
-0.889,-0.120,1.291,-205.170,620.130,-171.640
-0.915,-0.099,1.675,-172.060,586.880,-180.530
-0.784,-0.059,1.739,-234.080,572.180,-193.060
-0.742,-0.057,1.573,-203.280,549.780,-202.510
-0.802,-0.019,1.859,-79.660,499.030,-206.710
-0.787,0.090,1.945,-98.000,463.960,-217.280
-0.724,0.231,1.957,-121.170,439.950,-228.270
-0.639,0.177,1.942,-62.370,379.610,-231.980
-0.521,0.287,2.044,-52.570,320.250,-240.870
-0.448,0.343,2.056,-68.880,292.040,-249.060
-0.386,0.477,2.005,-85.890,238.070,-250.670
-0.394,0.623,1.842,-90.090,193.690,-248.570
-0.372,0.683,1.682,-98.630,174.230,-246.470
-0.347,0.793,1.594,-111.720,143.850,-239.330
-0.329,0.888,1.408,-116.690,124.320,-227.360
-0.245,0.937,1.257,-134.400,118.720,-218.890
-0.343,0.999,1.139,-125.650,110.600,-204.820
-0.427,1.118,1.000,-129.640,116.270,-179.620
-0.418,1.152,0.922,-152.320,129.780,-164.920
-0.370,1.209,0.865,-138.180,142.520,-128.100
-0.335,1.244,0.835,-126.770,147.070,-85.540
-0.291,1.251,0.828,-108.150,157.150,-62.930
-0.278,1.241,0.842,-96.530,165.200,-16.940
-0.289,1.167,0.904,-75.110,168.560,24.710
-0.325,1.109,1.077,-49.700,171.640,44.450
-0.394,0.956,1.070,-37.730,173.320,78.890
-0.424,0.785,1.188,-27.650,173.950,104.020
-0.467,0.704,1.239,-27.160,174.020,113.540
-0.486,0.551,1.332,-28.210,170.870,128.520
-0.491,0.479,1.415,-28.140,168.140,135.310
-0.472,0.341,1.465,-35.210,159.040,136.710
-0.432,0.214,1.550,-37.590,143.010,136.150
-0.412,0.155,1.620,-37.660,133.350,129.990
-0.355,0.031,1.650,-39.690,110.390,123.970
-0.300,-0.080,1.702,-41.510,81.690,107.100
-0.224,-0.123,1.707,-40.040,67.060,98.490
-0.098,-0.190,1.710,-37.870,34.720,80.150
-0.042,-0.252,1.666,-35.070,0.210,57.610
0.035,-0.267,1.568,-25.060,-12.740,45.500
0.070,-0.255,1.502,-25.270,-34.230,20.510
0.097,-0.189,1.345,-33.110,-42.560,-0.350
0.166,-0.142,1.182,-40.950,-54.740,-9.520
0.214,-0.041,1.103,-44.240,-61.320,-23.030
0.227,0.071,0.956,-41.160,-62.370,-29.330
0.262,0.120,0.903,-36.190,-61.320,-30.590
0.296,0.197,0.809,-33.460,-55.930,-31.430
0.311,0.233,0.727,-33.530,-51.730,-28.000
0.316,0.308,0.679,-29.470,-39.830,-24.430
0.283,0.365,0.603,-26.320,-22.120,-15.330
0.265,0.384,0.562,-26.810,-11.270,-10.920
0.223,0.417,0.544,-29.190,12.600,-0.140
0.200,0.438,0.529,-27.300,43.260,14.000
0.171,0.437,0.572,-22.960,49.350,21.980
0.151,0.392,0.627,-19.880,67.760,35.280
0.142,0.299,0.766,-19.250,74.550,43.610
0.102,0.252,0.894,-22.680,84.420,45.920
0.055,0.173,0.948,-24.990,91.350,48.440
0.038,0.108,1.044,-26.390,93.240,48.300
0.028,0.075,1.220,-28.630,94.150,46.200
0.039,0.018,1.185,-32.200,90.860,39.410
0.041,-0.002,1.249,-35.700,88.060,31.220
0.052,-0.029,1.282,-37.730,80.150,27.230
0.091,-0.047,1.344,-38.920,67.410,19.530
0.109,-0.054,1.383,-37.310,59.220,16.030
0.131,-0.060,1.388,-28.560,41.440,10.150
0.130,-0.059,1.383,-21.280,23.520,4.130
0.141,-0.055,1.384,-14.210,15.120,0.700
0.151,-0.032,1.369,-8.820,-0.490,-5.530
0.151,0.016,1.313,-7.770,-7.070,-11.200
0.158,0.049,1.230,-8.260,-17.010,-12.950
0.176,0.113,1.182,-7.000,-24.780,-14.210
0.176,0.165,1.091,-3.360,-27.160,-13.930
0.163,0.186,1.052,-6.020,-27.160,-13.860
0.164,0.217,0.983,-8.470,-23.940,-12.040

